<?xml version="1.0"?>
<scpd xmlns="urn:schemas-upnp-org:service-1-0">
	<specVersion>
		<major>1</major>
		<minor>0</minor>
	</specVersion>
	<actionList>
		<action>
			<name>ConnectMethod</name>
			<argumentList>
				<argument>
					<name>Host</name>
					<direction>in</direction>
					<relatedStateVariable>
						A_ARG_TYPE_Host
					</relatedStateVariable>
				</argument>
				<argument>
					<name>MethodLine</name>
					<direction>in</direction>
					<relatedStateVariable>
						A_ARG_TYPE_Headers
					</relatedStateVariable>
				</argument>
				<argument>
					<name>Identifier</name>
					<direction>out</direction>
					<relatedStateVariable>
						A_ARG_TYPE_Identifier
					</relatedStateVariable>
				</argument>
				<argument>
					<name>ConnectWriteCout</name>
					<direction>out</direction>
					<relatedStateVariable>
						A_ARG_TYPE_UI4
					</relatedStateVariable>
				</argument>
			</argumentList>
		</action>
		<action>
			<name>HTTPWriteHeaders</name>
			<argumentList>
				<argument>
					<name>Identifier</name>
					<direction>in</direction>
					<relatedStateVariable>
						A_ARG_TYPE_Identifier
					</relatedStateVariable>
				</argument>
				<argument>
					<name>Headers</name>
					<direction>in</direction>
					<relatedStateVariable>
						A_ARG_TYPE_Headers
					</relatedStateVariable>
				</argument>
				<argument>
					<name>ConnectWriteCount</name>
					<direction>out</direction>
					<relatedStateVariable>
						A_ARG_TYPE_UI4
					</relatedStateVariable>
				</argument>
			</argumentList>
		</action>
		<action>
			<name>HTTPReadHeaders</name>
			<argumentList>
				<argument>
					<name>Identifier</name>
					<direction>in</direction>
					<relatedStateVariable>
						A_ARG_TYPE_Identifier
					</relatedStateVariable>
				</argument>
				<argument>
					<name>CRLFFlag</name>
					<direction>in</direction>
					<relatedStateVariable>
						A_ARG_TYPE_Flag
					</relatedStateVariable>
				</argument>
				<argument>
					<name>Headers</name>
					<direction>out</direction>
					<relatedStateVariable>
						A_ARG_TYPE_Headers
					</relatedStateVariable>
				</argument>
				<argument>
					<name>ReadLength</name>
					<direction>out</direction>
					<relatedStateVariable>
						A_ARG_TYPE_UI4
					</relatedStateVariable>
				</argument>
				<argument>
					<name>ConnectReadCount</name>
					<direction>out</direction>
					<relatedStateVariable>
						A_ARG_TYPE_UI4
					</relatedStateVariable>
				</argument>
			</argumentList>
		</action>
		<action>
			<name>HTTPReadBody</name>
			<argumentList>
				<argument>
					<name>Identifier</name>
					<direction>in</direction>
					<relatedStateVariable>
						A_ARG_TYPE_Identifier
					</relatedStateVariable>
				</argument>
				<argument>
					<name>Size</name>
					<direction>in</direction>
					<relatedStateVariable>
						A_ARG_TYPE_UI4
					</relatedStateVariable>
				</argument>
				<argument>
					<name>CRLFFlag</name>
					<direction>in</direction>
					<relatedStateVariable>
						A_ARG_TYPE_Flag
					</relatedStateVariable>
				</argument>
				<argument>
					<name>Body</name>
					<direction>out</direction>
					<relatedStateVariable>
						A_ARG_TYPE_Body
					</relatedStateVariable>
				</argument>
				<argument>
					<name>ReadLength</name>
					<direction>out</direction>
					<relatedStateVariable>
						A_ARG_TYPE_UI4
					</relatedStateVariable>
				</argument>
				<argument>
					<name>ConnectReadCount</name>
					<direction>out</direction>
					<relatedStateVariable>
						A_ARG_TYPE_UI4
					</relatedStateVariable>
				</argument>
			</argumentList>
		</action>
		<action>
			<name>HTTPWriteBody</name>
			<argumentList>
				<argument>
					<name>Identifier</name>
					<direction>in</direction>
					<relatedStateVariable>
						A_ARG_TYPE_Identifier
					</relatedStateVariable>
				</argument>
				<argument>
					<name>Body</name>
					<direction>in</direction>
					<relatedStateVariable>
						A_ARG_TYPE_Body
					</relatedStateVariable>
				</argument>
				<argument>
					<name>Size</name>
					<direction>in</direction>
					<relatedStateVariable>
						A_ARG_TYPE_UI4
					</relatedStateVariable>
				</argument>
				<argument>
					<name>ConnectWriteCount</name>
					<direction>out</direction>
					<relatedStateVariable>
						A_ARG_TYPE_UI4
					</relatedStateVariable>
				</argument>
			</argumentList>
		</action>
	</actionList>
	<serviceStateTable>
		<stateVariable sendEvents="no">
			<name>A_ARG_TYPE_HOST</name>
			<dataType>string</dataType>
		</stateVariable>
		<stateVariable sendEvents="no">
			<name>A_ARG_TYPE_Headers</name>
			<dataType>string</dataType>
		</stateVariable>
		<stateVariable sendEvents="no">
			<name>A_ARG_TYPE_Identifier</name>
			<dataType>string</dataType>
		</stateVariable>
		<stateVariable sendEvents="no">
			<name>A_ARG_TYPE_Body</name>
			<dataType>string</dataType>
		</stateVariable>
		<stateVariable sendEvents="no">
			<name>A_ARG_TYPE_UI4</name>
			<dataType>ui4</dataType>
		</stateVariable>
		<stateVariable sendEvents="no">
			<name>A_ARG_TYPE_Flag</name>
			<dataType>boolean</dataType>
		</stateVariable>
	</serviceStateTable>
</scpd>